{"generation": 0, "fitness_avg": 285.32564016196784, "fitness_std": 130.11246306914913, "fitness_best": 549.1851826002649, "fitness_best_val": 553.3206429666334, "n_neurons_best": 9, "n_conns_best": 22, "pop_size": 60, "n_species": 20, "time_elapsed": 31.801233053207397, "time_elapsed_avg": 31.801233053207397, "n_extinctions": 0}
{"generation": 0, "fitness_avg": 330.3314572876068, "fitness_std": 126.3350051793443, "fitness_best": 553.6734845822587, "fitness_best_val": 553.8148310794929, "n_neurons_best": 9, "n_conns_best": 22, "pop_size": 60, "n_species": 20, "time_elapsed": 29.774701833724976, "time_elapsed_avg": 29.774701833724976, "n_extinctions": 0}
{"generation": 0, "fitness_avg": 330.3314572876068, "fitness_std": 126.3350051793443, "fitness_best": 553.6734845822587, "fitness_best_val": 553.8148310794929, "n_neurons_best": 9, "n_conns_best": 22, "pop_size": 60, "n_species": 20, "time_elapsed": 29.774701833724976, "time_elapsed_avg": 29.774701833724976, "n_extinctions": 0}
{"generation": 0, "fitness_avg": 330.3314572876068, "fitness_std": 126.3350051793443, "fitness_best": 553.6734845822587, "fitness_best_val": 553.8148310794929, "n_neurons_best": 9, "n_conns_best": 22, "pop_size": 60, "n_species": 20, "time_elapsed": 29.774701833724976, "time_elapsed_avg": 29.774701833724976, "n_extinctions": 0}
{"generation": 0, "fitness_avg": 330.3314572876068, "fitness_std": 126.3350051793443, "fitness_best": 553.6734845822587, "fitness_best_val": 553.8148310794929, "n_neurons_best": 9, "n_conns_best": 22, "pop_size": 60, "n_species": 20, "time_elapsed": 29.774701833724976, "time_elapsed_avg": 29.774701833724976, "n_extinctions": 0}
{"generation": 0, "fitness_avg": 330.3314572876068, "fitness_std": 126.3350051793443, "fitness_best": 553.6734845822587, "fitness_best_val": 553.8148310794929, "n_neurons_best": 9, "n_conns_best": 22, "pop_size": 60, "n_species": 20, "time_elapsed": 29.774701833724976, "time_elapsed_avg": 29.774701833724976, "n_extinctions": 0}
{"generation": 0, "fitness_avg": 330.3314572876068, "fitness_std": 126.3350051793443, "fitness_best": 553.6734845822587, "fitness_best_val": 553.8148310794929, "n_neurons_best": 9, "n_conns_best": 22, "pop_size": 60, "n_species": 20, "time_elapsed": 29.774701833724976, "time_elapsed_avg": 29.774701833724976, "n_extinctions": 0}
{"generation": 0, "fitness_avg": 330.3314572876068, "fitness_std": 126.3350051793443, "fitness_best": 553.6734845822587, "fitness_best_val": 553.8148310794929, "n_neurons_best": 9, "n_conns_best": 22, "pop_size": 60, "n_species": 20, "time_elapsed": 29.774701833724976, "time_elapsed_avg": 29.774701833724976, "n_extinctions": 0}
{"generation": 0, "fitness_avg": 330.3314572876068, "fitness_std": 126.3350051793443, "fitness_best": 553.6734845822587, "fitness_best_val": 553.8148310794929, "n_neurons_best": 9, "n_conns_best": 22, "pop_size": 60, "n_species": 20, "time_elapsed": 29.774701833724976, "time_elapsed_avg": 29.774701833724976, "n_extinctions": 0}
{"generation": 0, "fitness_avg": 330.3314572876068, "fitness_std": 126.3350051793443, "fitness_best": 553.6734845822587, "fitness_best_val": 553.8148310794929, "n_neurons_best": 9, "n_conns_best": 22, "pop_size": 60, "n_species": 20, "time_elapsed": 29.774701833724976, "time_elapsed_avg": 29.774701833724976, "n_extinctions": 0}
{"generation": 0, "fitness_avg": 254.35931986847663, "fitness_std": 117.77414975111883, "fitness_best": 444.1395709941745, "fitness_best_val": 444.67402284833435, "n_neurons_best": 9, "n_conns_best": 22, "pop_size": 60, "n_species": 20, "time_elapsed": 30.226166486740112, "time_elapsed_avg": 30.226166486740112, "n_extinctions": 0}
